<?xml version="1.0" encoding="UTF-8"?>
<beans xmlns="http://www.springframework.org/schema/beans"
       xmlns:xsi="http://www.w3.org/2001/XMLSchema-instance"
       xmlns:context="http://www.springframework.org/schema/context"
       xmlns:rabbit="http://www.springframework.org/schema/rabbit"
       xsi:schemaLocation="http://www.springframework.org/schema/beans http://www.springframework.org/schema/beans/spring-beans-3.2.xsd
       http://www.springframework.org/schema/context http://www.springframework.org/schema/context/spring-context-3.2.xsd
       http://www.springframework.org/schema/rabbit http://www.springframework.org/schema/rabbit/spring-rabbit-1.0.xsd">

<bean class="org.springframework.beans.factory.config.PropertyPlaceholderConfigurer">
		<property name="location">
			<value>${MQ_CONFIG_FILE}</value>
		</property>
	</bean>
<rabbit:connection-factory id="connectionFactory" host="${MQ_HOST}" port="${MQ_PORT}"/>

<rabbit:template id="amqpTemplate" connection-factory="connectionFactory"/>

<rabbit:admin connection-factory="connectionFactory" />

<rabbit:queue name="${MQ_NAME}" />

<bean id="listener" class="com.tinsh.rabbitmq.common.MessageListenerHelper" />

<rabbit:listener-container connection-factory="connectionFactory">
	<rabbit:listener ref="listener" method="listen" queue-names="${MQ_NAME}"/>
</rabbit:listener-container>

</beans>