<?xml version="1.0" encoding="UTF-8"?>
<beans xmlns="http://www.springframework.org/schema/beans"
       xmlns:xsi="http://www.w3.org/2001/XMLSchema-instance"
       xmlns:context="http://www.springframework.org/schema/context"
       xmlns:rabbit="http://www.springframework.org/schema/rabbit"
       xsi:schemaLocation="http://www.springframework.org/schema/beans http://www.springframework.org/schema/beans/spring-beans-3.2.xsd
       http://www.springframework.org/schema/context http://www.springframework.org/schema/context/spring-context-3.2.xsd
       http://www.springframework.org/schema/rabbit http://www.springframework.org/schema/rabbit/spring-rabbit-1.0.xsd">

<rabbit:connection-factory id="connectionFactory" host="10.30.126.66" port="5672"/>

<rabbit:template id="amqpTemplate" connection-factory="connectionFactory" exchange="myExchange" routing-key="*"/>

<rabbit:admin connection-factory="connectionFactory" />

<rabbit:queue name="TINSH1" />

<rabbit:topic-exchange name="myExchange">
	<rabbit:bindings>
		<rabbit:binding queue="TINSH1" pattern="*" />
	</rabbit:bindings>
</rabbit:topic-exchange>


<!-- <rabbit:listener-container connection-factory="connectionFactory">
	<rabbit:listener ref="listener" method="listen" queue-names="TINSH1"/>
</rabbit:listener-container>

<bean id="listener" class="com.tinsh.rabbitmq.MQListener" /> -->
</beans>